Workbook

Sheet Dashboard
A1: MAGIBU OCEAN AI WORKSTATION - BENCHMARK REPORT
A3: Generated: 2026-08-26 | Model: v11 (Hybrid RAG + Tool Calling + Code Sandbox)
A5: AVG LATENCY (SEC) | D5: TOOL CALL ACCURACY | G5: RAG RETRIEVAL SCORE (0-5)
A6: =AVERAGE('Raw Data'!F3:F14) | D6: =AVERAGE('Raw Data'!N3:N14) | G6: =AVERAGE('Raw Data'!K3:K14)
A9: PERFORMANCE ANALYSIS BY CATEGORY
A10: Category / Component | B10: Total Tests | C10: Avg Latency (s) | D10: Success / Score
A11: Local RAG | B11: =COUNTIF('Raw Data'!B3:B14, "Local RAG") | C11: =AVERAGEIF('Raw Data'!B3:B14, "Local RAG", 'Raw Data'!F3:F14) | D11: =AVERAGEIF('Raw Data'!B3:B14, "Local RAG", 'Raw Data'!M3:M14)
A12: Web Search Fallback | B12: =COUNTIF('Raw Data'!B3:B14, "Web Search") | C12: =AVERAGEIF('Raw Data'!B3:B14, "Web Search", 'Raw Data'!F3:F14) | D12: =AVERAGEIF('Raw Data'!B3:B14, "Web Search", 'Raw Data'!M3:M14)
A13: Interactive JS Tool | B13: =COUNTIF('Raw Data'!B3:B14, "Interactive JS") | C13: =AVERAGEIF('Raw Data'!B3:B14, "Interactive JS", 'Raw Data'!F3:F14) | D13: =AVERAGEIF('Raw Data'!B3:B14, "Interactive JS", 'Raw Data'!N3:N14)
A14: Python Code Sandbox | B14: =COUNTIF('Raw Data'!B3:B14, "Code Execution") | C14: =AVERAGEIF('Raw Data'!B3:B14, "Code Execution", 'Raw Data'!F3:F14) | D14: =AVERAGEIF('Raw Data'!B3:B14, "Code Execution", 'Raw Data'!N3:N14)
A15: Grand Total / Average | B15: =SUM(B11:B14) | C15: =AVERAGE(C11:C14) | D15: =AVERAGE(D11:D14)

Sheet Raw Data
A1: Test ID | B1: Component Type | C1: Query / Prompt | D1: Expected Output / Target | E1: Actual Route | F1: Latency (s) | G1: Prompt Tokens | H1: Comp Tokens | I1: Gating Distance | J1: Gating Action | K1: Retr Relevance (0-5) | L1: Faithfulness (0-5) | M1: Completeness (0-5) | N1: Tool Call Success
A2: TC-01 | B2: Local RAG | C2: Okyanuslar dünyada ne kadar yer kaplar? | D2: ocean_028 (71%) | E2: Local RAG | F2: 1.85 | G2: 512 | H2: 128 | I2: 0.3629 | J2: Passed | K2: 5 | L2: 5 | M2: 5 | N2: 1
A3: TC-02 | B3: Local RAG | C3: Kıta sahanlıkları okyanusların yüzde kaçını oluşturur? | D3: wiki_203 (7%) | E3: Local RAG | F3: 1.42 | G3: 450 | H3: 95 | I3: 0.3456 | J3: Passed | K3: 5 | L3: 5 | M3: 5 | N3: 1
A4: TC-03 | B4: Web Search | C4: Okyanus asitlenmesi 2024 uluslararası raporu? | D4: Web DDG Search | E4: Web Search | F4: 3.25 | G4: 1200 | H4: 256 | I4: 0.485 | J4: Web Search | K4: 4 | L4: 4 | M4: 4 | N4: 1
A5: TC-04 | B5: Web Search | C5: Mariana Çukuru nerede yer alır? | D5: Wikipedia Mariana | E5: Web Search | F5: 2.95 | G5: 1050 | H5: 180 | I5: 0.423 | J5: Web Search | K5: 5 | L5: 5 | M5: 5 | N5: 1
A6: TC-05 | B6: Interactive JS | C6: Şu an saat kaç, canlı widget göster? | D6: create_js_clock_widget | E6: create_js_clock_widget | F6: 0.65 | G6: 380 | H6: 50 | I6: 0.12 | J6: Tool Triggered | K6: 5 | L6: 5 | M6: 5 | N6: 1
A7: TC-06 | B7: Interactive JS | C7: Pomodoro başlatır mısın 25 dakika | D7: create_countdown_timer_widget | E7: create_countdown_timer_widget | F7: 0.72 | G7: 400 | H7: 60 | I7: 0.15 | J7: Tool Triggered | K7: 5 | L7: 5 | M7: 5 | N7: 1
A8: TC-07 | B8: Interactive JS | C8: Hesap makinesini getir | D8: create_calculator_widget | E8: create_calculator_widget | F8: 0.68 | G8: 390 | H8: 45 | I8: 0.18 | J8: Tool Triggered | K8: 5 | L8: 5 | M8: 5 | N8: 1
A9: TC-08 | B9: Code Execution | C9: Okyanus sıcaklık artışını çiz | D9: matplotlib script | E9: run_python_code | F9: 4.12 | G9: 1500 | H9: 320 | I9: 0.22 | J9: Tool Triggered | K9: 5 | L9: 5 | M9: 5 | N9: 1
A10: TC-09 | B10: Code Execution | C10: Son 50 yılın kasırga sayısal analizini hesapla | D10: numpy analytics | E10: run_python_code | F10: 3.85 | G10: 1350 | H10: 290 | I10: 0.24 | J10: Tool Triggered | K10: 4 | L10: 5 | M10: 4 | N10: 1
A11: TC-10 | B11: Local RAG | C11: Kıyı habitatları nereye kadar uzanır? | D11: wiki_390 (coastal margins) | E11: Local RAG | F11: 1.55 | G11: 480 | H11: 110 | I11: 0.3545 | J11: Passed | K11: 5 | L11: 5 | M11: 4 | N11: 1
A12: TC-11 | B12: Web Search | C12: En son keşfedilen derin deniz balığı 2024? | D12: Web news articles | E12: Web Search | F12: 3.45 | G12: 1250 | H12: 210 | I12: 0.52 | J12: Web Search | K12: 4 | L12: 4 | M12: 3 | N12: 1
A13: TC-12 | B13: Local RAG | C13: Derin deniz tüm organizmaların yaşam alanının ne kadarını kapsar? | D13: wiki_394 (95%) | E13: Local RAG | F13: 1.62 | G13: 490 | H13: 105 | I13: 0.3763 | J13: Passed | K13: 5 | L13: 5 | M13: 5 | N13: 1
A14: Average / Total | F14: =AVERAGE(F2:F13) | G14: =SUM(G2:G13) | H14: =SUM(H2:H13) | I14: =AVERAGE(I2:I13) | K14: =AVERAGE(K2:K13) | L14: =AVERAGE(L2:L13) | M14: =AVERAGE(M2:M13) | N14: =AVERAGE(N2:N13)

Sheet Test Dataset
A1: ID | B1: Category | C1: Test Query | D1: Expected Output / Golden Answer | E1: Target Tool / Resource | F1: Notes
A2: TC-01 | B2: Local RAG | C2: Okyanuslar dünyada ne kadar yer kaplar? | D2: Dünya yüzeyinin %71'ini okyanuslar kaplar. | E2: ocean_028 responses | F2: Vektör mesafesi 0.35-0.45 arasında doğru dökümanı yakalamalıdır.
A3: TC-02 | B3: Local RAG | C3: Kıta sahanlıkları okyanus yüzeyinin yüzde kaçıdır? | D3: Continental shelves okyanus yüzey alanının yaklaşık %7'sini kaplar. | E3: wiki_203 continental shelf | F3: Mesafe sınırı 0.35'in altında (yaklaşık 0.345) doğrudan yerel döküman.
A4: TC-03 | B4: Web Search | C4: Son okyanus asitlenmesi zirvesi kararları? | D4: 2024 güncel internet bilgisi: can sıkıcı okyanus ısınma ve asitlenmesi kısıtlamaları. | E4: DuckDuckGo web_search | F4: Yerel arşivde 2024 bilgisi olmadığı için internet aramaFallback tetiklenecektir.
A5: TC-04 | B5: Web Search | C5: Mariana Çukuru derinliği kaç metredir? | D5: Son ölçümlere göre Mariana Çukuru'nun en derin noktası 10.994 metredir. | E5: Wikipedia Web Search | F5: Vektör mesafesi 0.42 seviyesinde olduğu için internet fallback çalışmalıdır.
A6: TC-05 | B6: Interactive JS | C6: Şu an saat kaç, bir saat widgetı göster? | D6: Canlı lüks bir saat kronograf widgeti çizilmesi. | E6: create_js_clock_widget | F6: Sohbet arayüzüne HTML/JS saat widgetı saniyeli olarak eklenmelidir.
A7: TC-06 | B7: Interactive JS | C7: Bana 25 dakikalık bir Pomodoro zamanlayıcı başlat. | D7: Başlat, duraklat, sıfırla destekli geri sayım widgetı. | E7: create_countdown_timer_widget | F7: Geri sayım saniyelik görsel animasyonla ilerlemelidir.
A8: TC-07 | B8: Interactive JS | C8: Hesap makinesi açar mısın? | D8: Ekranda çalışan tıklanabilir bir hesap makinesi. | E8: create_calculator_widget | F8: Klavye ve buton destekli widget.
A9: TC-08 | B9: Code Execution | C9: Okyanus asitlenmesinin yıllara göre grafiğini çiz. | D9: Matplotlib ile çizilmiş şık bir görsel grafik paneli. | E9: run_python_code | F9: Sanal Python sandbox ortamında kod derlenip arayüze aktarılacaktır.
A10: TC-09 | B10: Code Execution | C10: Bana son 50 yılın fırtına verilerinden bir trend analizi tablosu hesapla. | D10: Numpy/pandas ile hesaplanan ve şık formatta yazdırılan analiz. | E10: run_python_code | F10: Matematiksel ve veri odaklı analitik kod.
A11: TC-10 | B11: Local RAG | C11: Derin deniz organizma yaşamının ne kadarını barındırır? | D11: Derin deniz, canlı organizmalar tarafından işgal edilen alanın %95'ini içerir. | E11: wiki_394 marine ecosystem | F11: Yerel RAG mesafesi yaklaşık 0.37, doğrudan yerel RAG çalışmalıdır.
